Workbook

Sheet Sheet1
A1: Cross Validation Outliers
B3: year_position_raw | C3: mean_surprisal | D3: Genre (Broad 1) | F3: Song Title | G3: Artist
A4: 483 | B4: 1962_01_1 | C4: 7.569407 | D4: Jazz | E4: =_xlfn.TEXTBEFORE(B4,"_",2) -> 1962_01 | F4: =INDEX(bimmuda_per_song_metadata!A:A,MATCH($E4,bimmuda_per_song_metadata!$AB:$AB,1),1) -> Stranger on the Shore | G4: =INDEX(bimmuda_per_song_metadata!B:B,MATCH($E4,bimmuda_per_song_metadata!$AB:$AB,1),1) -> Acker Bilk
A5: 748 | B5: 1993_04_1 | C5: 7.566777 | D5: R&B | E5: =_xlfn.TEXTBEFORE(B5,"_",2) -> 1993_04 | F5: =INDEX(bimmuda_per_song_metadata!A:A,MATCH($E5,bimmuda_per_song_metadata!$AB:$AB,1),1) -> That's the Way Love Goes | G5: =INDEX(bimmuda_per_song_metadata!B:B,MATCH($E5,bimmuda_per_song_metadata!$AB:$AB,1),1) -> Janet Jackson
A6: 671 | B6: 1956_04_3 | C6: 7.248999 | D6: R&B | E6: =_xlfn.TEXTBEFORE(B6,"_",2) -> 1956_04 | F6: =INDEX(bimmuda_per_song_metadata!A:A,MATCH($E6,bimmuda_per_song_metadata!$AB:$AB,1),1) -> My Prayer | G6: =INDEX(bimmuda_per_song_metadata!B:B,MATCH($E6,bimmuda_per_song_metadata!$AB:$AB,1),1) -> The Platters
B8: year_position_raw | C8: mean_surprisal | D8: Genre (Broad 1)
A9: 362 | B9: 2013_04_4 | C9: 0.8229 | D9: EDM/Dance | E9: =_xlfn.TEXTBEFORE(B9,"_",2) -> 2013_04 | F9: =INDEX(bimmuda_per_song_metadata!A:A,MATCH($E9,bimmuda_per_song_metadata!$AB:$AB,1),1) -> Harlem Shake | G9: =INDEX(bimmuda_per_song_metadata!B:B,MATCH($E9,bimmuda_per_song_metadata!$AB:$AB,1),1) -> Baauer
A10: 167 | B10: 2013_04_5 | C10: 1.279061 | D10: EDM/Dance | E10: =_xlfn.TEXTBEFORE(B10,"_",2) -> 2013_04 | F10: =INDEX(bimmuda_per_song_metadata!A:A,MATCH($E10,bimmuda_per_song_metadata!$AB:$AB,1),1) -> Harlem Shake | G10: =INDEX(bimmuda_per_song_metadata!B:B,MATCH($E10,bimmuda_per_song_metadata!$AB:$AB,1),1) -> Baauer
A11: 486 | B11: 2003_01_1 | C11: 1.327483 | D11: Hip-hop | E11: =_xlfn.TEXTBEFORE(B11,"_",2) -> 2003_01 | F11: =INDEX(bimmuda_per_song_metadata!A:A,MATCH($E11,bimmuda_per_song_metadata!$AB:$AB,1),1) -> In da Club | G11: =INDEX(bimmuda_per_song_metadata!B:B,MATCH($E11,bimmuda_per_song_metadata!$AB:$AB,1),1) -> 50 Cent
A14: 5 Yr Lookback Outliers
B16: song | C16: mean_surprisal | D16: Genre (Broad 1)
A17: 4481 | B17: 2014_02_misc | C17: 40.064836 | D17: Hip-hop | E17: =_xlfn.TEXTBEFORE(B17,"_",2) -> 2014_02 | F17: =INDEX(bimmuda_per_song_metadata!A:A,MATCH($E17,bimmuda_per_song_metadata!$AB:$AB,1),1) -> Dark Horse | G17: =INDEX(bimmuda_per_song_metadata!B:B,MATCH($E17,bimmuda_per_song_metadata!$AB:$AB,1),1) -> Katy Perry and Juicy J
A18: 1296 | B18: 1974_03_1 | C18: 36.879334 | D18: Funk/Soul | E18: =_xlfn.TEXTBEFORE(B18,"_",2) -> 1974_03 | F18: =INDEX(bimmuda_per_song_metadata!A:A,MATCH($E18,bimmuda_per_song_metadata!$AB:$AB,1),1) -> Love's Theme | G18: =INDEX(bimmuda_per_song_metadata!B:B,MATCH($E18,bimmuda_per_song_metadata!$AB:$AB,1),1) -> Love Unlimited Orchestra
A19: 885 | B19: 1968_02_2 | C19: 29.0582 | D19: Pop | E19: =_xlfn.TEXTBEFORE(B19,"_",2) -> 1968_02 | F19: =INDEX(bimmuda_per_song_metadata!A:A,MATCH($E19,bimmuda_per_song_metadata!$AB:$AB,1),1) -> Love is Blue | G19: =INDEX(bimmuda_per_song_metadata!B:B,MATCH($E19,bimmuda_per_song_metadata!$AB:$AB,1),1) -> Paul Mauriat
A21: 4651 | B21: 2013_04_4 | C21: 0.587108 | D21: EDM/Dance | E21: =_xlfn.TEXTBEFORE(B21,"_",2) -> 2013_04 | F21: =INDEX(bimmuda_per_song_metadata!A:A,MATCH($E21,bimmuda_per_song_metadata!$AB:$AB,1),1) -> Harlem Shake | G21: =INDEX(bimmuda_per_song_metadata!B:B,MATCH($E21,bimmuda_per_song_metadata!$AB:$AB,1),1) -> Baauer
A22: 4561 | B22: 2013_04_4 | C22: 0.588805 | D22: EDM/Dance | E22: =_xlfn.TEXTBEFORE(B22,"_",2) -> 2013_04 | F22: =INDEX(bimmuda_per_song_metadata!A:A,MATCH($E22,bimmuda_per_song_metadata!$AB:$AB,1),1) -> Harlem Shake | G22: =INDEX(bimmuda_per_song_metadata!B:B,MATCH($E22,bimmuda_per_song_metadata!$AB:$AB,1),1) -> Baauer
A23: 4735 | B23: 2013_04_4 | C23: 0.596173 | D23: EDM/Dance | E23: =_xlfn.TEXTBEFORE(B23,"_",2) -> 2013_04 | F23: =INDEX(bimmuda_per_song_metadata!A:A,MATCH($E23,bimmuda_per_song_metadata!$AB:$AB,1),1) -> Harlem Shake | G23: =INDEX(bimmuda_per_song_metadata!B:B,MATCH($E23,bimmuda_per_song_metadata!$AB:$AB,1),1) -> Baauer
A26: 10 Yr Lookback Outliers
B28: song | C28: mean_surprisal | D28: Genre (Broad 1)
A29: 271 | B29: 1979_01_3 | C29: 13.26312 | D29: Rock | E29: =_xlfn.TEXTBEFORE(B29,"_",2) -> 1979_01 | F29: =INDEX(bimmuda_per_song_metadata!A:A,MATCH($E29,bimmuda_per_song_metadata!$AB:$AB,1),1) -> My Sharona | G29: =INDEX(bimmuda_per_song_metadata!B:B,MATCH($E29,bimmuda_per_song_metadata!$AB:$AB,1),1) -> The Knack
A30: 118 | B30: 1969_02_2 | C30: 9.516567 | D30: Funk/Soul | E30: =_xlfn.TEXTBEFORE(B30,"_",2) -> 1969_02 | F30: =INDEX(bimmuda_per_song_metadata!A:A,MATCH($E30,bimmuda_per_song_metadata!$AB:$AB,1),1) -> Aquarius/Let the Sunshine In (The Flesh Failures) | G30: =INDEX(bimmuda_per_song_metadata!B:B,MATCH($E30,bimmuda_per_song_metadata!$AB:$AB,1),1) -> The 5th Dimension
A31: 285 | B31: 1980_01_2 | C31: 8.963967 | D31: Rock | E31: =_xlfn.TEXTBEFORE(B31,"_",2) -> 1980_01 | F31: =INDEX(bimmuda_per_song_metadata!A:A,MATCH($E31,bimmuda_per_song_metadata!$AB:$AB,1),1) -> Call Me | G31: =INDEX(bimmuda_per_song_metadata!B:B,MATCH($E31,bimmuda_per_song_metadata!$AB:$AB,1),1) -> Blondie
A33: song mean_surprisal Genre (Broad 1) _1 1.499772 Hip-hop
A34: 821 | B34: 2013_04_4 | C34: 0.846795 | D34: EDM/Dance | E34: =_xlfn.TEXTBEFORE(B34,"_",2) -> 2013_04 | F34: =INDEX(bimmuda_per_song_metadata!A:A,MATCH($E34,bimmuda_per_song_metadata!$AB:$AB,1),1) -> Harlem Shake | G34: =INDEX(bimmuda_per_song_metadata!B:B,MATCH($E34,bimmuda_per_song_metadata!$AB:$AB,1),1) -> Baauer
A35: 822 | B35: 2013_04_5 | C35: 1.29019 | D35: EDM/Dance | E35: =_xlfn.TEXTBEFORE(B35,"_",2) -> 2013_04 | F35: =INDEX(bimmuda_per_song_metadata!A:A,MATCH($E35,bimmuda_per_song_metadata!$AB:$AB,1),1) -> Harlem Shake | G35: =INDEX(bimmuda_per_song_metadata!B:B,MATCH($E35,bimmuda_per_song_metadata!$AB:$AB,1),1) -> Baauer
A36: 648 | B36: 2003_01_1 | C36: 1.499772 | D36: Hip-hop | E36: =_xlfn.TEXTBEFORE(B36,"_",2) -> 2003_01 | F36: =INDEX(bimmuda_per_song_metadata!A:A,MATCH($E36,bimmuda_per_song_metadata!$AB:$AB,1),1) -> In da Club | G36: =INDEX(bimmuda_per_song_metadata!B:B,MATCH($E36,bimmuda_per_song_metadata!$AB:$AB,1),1) -> 50 Cent

Sheet bimmuda_per_song_metadata
A1: Title | B1: Artist | C1: Year | D1: Position | E1: Genre (Broad 1) | F1: Genre (Broad 2) | G1: Genre (Specific 1) | H1: Genre (Specific 2) | I1: Genre (Specific 3) | J1: Link to Audio | K1: Time Signature 1 | L1: Time Signature 2 | M1: Tonic 1 | N1: Tonic 2 | O1: Tonic 3 | P1: Tonic 4 | Q1: Tonic 5 | R1: Tonic 6 | S1: Mode 1 | T1: Mode 2 | U1: Mode 3 | V1: Mode 4 | W1: Mode 5 | X1: Mode 6 | Y1: BPM 1 | Z1: BPM 2 | AA1: BPM 3 | AB1: year_position
A2: Goodnight Irene | B2: Gordon Jenkins & The Weavers | C2: 1950 | D2: 1 | E2: Folk | F2: N/A | G2: N/A | H2: N/A | I2: N/A | J2: https://open.spotify.com/track/3GtfeLBXe15nyEMN664ygs?si=39b24fc00f4f4cf5 | K2: 46085 | M2: F | S2: Major | Y2: 94 | Z2: 141 | AB2: =C2&"_"&TEXT(D2,"0#") -> 1950_01
A3: Mona Lisa | B3: Nat King Cole | C3: 1950 | D3: 2 | E3: Pop | F3: N/A | G3: Traditional pop | H3: N/A | I3: N/A | J3: https://open.spotify.com/track/5dae01pKNjRQtgOeAkFzPY?si=15779469d4874d3d | K3: 46116 | M3: Db | S3: Major | Y3: 65 | AB3: =C3&"_"&TEXT(D3,"0#") -> 1950_02
A4: Third Man Theme | B4: Anton Karas | C4: 1950 | D4: 3 | E4: Folk | F4: N/A | G4: N/A | H4: N/A | I4: N/A | J4: https://open.spotify.com/track/7rRGujA12UJcRUz7DxUDwQ?si=a206215c97394f61 | K4: 46364 | M4: F# | S4: Major | Y4: 176 | Z4: 152 | AB4: =C4&"_"&TEXT(D4,"0#") -> 1950_03
A5: Sam's Song | B5: Gary & Bing Crosby | C5: 1950 | D5: 4 | E5: Pop | F5: N/A | G5: Traditional pop | H5: N/A | I5: N/A | J5: https://open.spotify.com/track/1Wnlagmoyo7M7Ine1wY71p?si=31b7831d43224031 | K5: 46364 | M5: Eb | S5: Major | Y5: 118 | AB5: =C5&"_"&TEXT(D5,"0#") -> 1950_04
A6: Simple Melody | B6: Gary & Bing Crosby | C6: 1950 | D6: 5 | E6: Pop | F6: N/A | G6: Traditional pop | H6: N/A | I6: N/A | J6: https://open.spotify.com/track/75lpxrV9sLZIRvzl2Z5CBb?si=b072ddb2bca34acb | K6: 46364 | M6: Bb | S6: Major | Y6: 151 | AB6: =C6&"_"&TEXT(D6,"0#") -> 1950_05
A7: Too Young | B7: Nat King Cole | C7: 1951 | D7: 1 | E7: Pop | F7: N/A | G7: Traditional pop | H7: N/A | I7: N/A | J7: https://open.spotify.com/track/0zII0Soax7wbm3Avw7iVAd?si=fd982113338544af | K7: 46116 | M7: Ab | S7: Major | Y7: 96 | AB7: =C7&"_"&TEXT(D7,"0#") -> 1951_01
A8: Because of You | B8: Tony Bennett | C8: 1951 | D8: 2 | E8: Pop | F8: N/A | G8: Traditional pop | H8: N/A | I8: N/A | J8: https://open.spotify.com/track/4DTO96EvOW9JT6OIUNFpZW?si=1bb52069ae4240de | K8: 46116 | M8: F# | S8: Major | Y8: 84 | AB8: =C8&"_"&TEXT(D8,"0#") -> 1951_02
A9: How High the Moon | B9: Les Paul & Mary Ford | C9: 1951 | D9: 3 | E9: Pop | F9: Jazz | G9: N/A | H9: N/A | I9: N/A | J9: https://open.spotify.com/track/0onHzLoj8yQbjbHtJzwjBx?si=94f73acf642e45b2 | K9: 46116 | M9: A | S9: Major | Y9: 119 | AB9: =C9&"_"&TEXT(D9,"0#") -> 1951_03
A10: Come on-a My House | B10: Rosemary Clooney | C10: 1951 | D10: 4 | E10: Pop | F10: N/A | G10: Traditional pop | H10: N/A | I10: N/A | J10: https://open.spotify.com/track/3GVyT9fBXuEkGs1STo2WHZ?si=be400ee0309f411d | K10: 46364 | M10: Bb | S10: Minor | Y10: 184 | AB10: =C10&"_"&TEXT(D10,"0#") -> 1951_04
A11: Be My Love | B11: Mario Lanza | C11: 1951 | D11: 5 | E11: Pop | F11: N/A | G11: Traditional pop | H11: N/A | I11: N/A | J11: https://open.spotify.com/track/7bETs6oajlWYVo9ycX74Vp?si=4dedbb8fdc8543a1 | K11: 46116 | M11: Db | N11: C | S11: Major | T11: Major | Y11: 87 | AB11: =C11&"_"&TEXT(D11,"0#") -> 1951_05
A12: Blue Tango | B12: Leroy Anderson | C12: 1952 | D12: 1 | E12: Pop | F12: N/A | G12: Easy listening | H12: N/A | I12: N/A | J12: https://open.spotify.com/track/6ecG5Am0TRxn0uwZBQHA3L?si=dc69c7a9494c448f | K12: 46116 | M12: D | S12: Major | Y12: 124 | AB12: =C12&"_"&TEXT(D12,"0#") -> 1952_01
A13: Wheel of Fortune | B13: Kay Starr | C13: 1952 | D13: 2 | E13: Pop | F13: N/A | G13: Traditional pop | H13: N/A | I13: N/A | J13: https://open.spotify.com/track/2gCQe48O4GMJz6oFBqnN9e?si=8a25159095894402 | K13: 46116 | M13: Ab | S13: Major | Y13: 141 | AB13: =C13&"_"&TEXT(D13,"0#") -> 1952_02
A14: Cry | B14: Johnnie Ray & The Four Lads | C14: 1952 | D14: 3 | E14: Pop | F14: N/A | G14: Traditional pop | H14: N/A | I14: N/A | J14: https://open.spotify.com/track/6I3CrqLrSqSlGzs2dactg1?si=8b07a850c7f44fd9 | K14: 46116 | M14: C | S14: Major | Y14: 70 | AB14: =C14&"_"&TEXT(D14,"0#") -> 1952_03
A15: You Belong to Me | B15: Jo Stafford | C15: 1952 | D15: 4 | E15: Pop | F15: N/A | G15: Traditional pop | H15: N/A | I15: N/A | J15: https://open.spotify.com/track/2NDMLabAjx4oL7ezx2PNxS?si=e3ecc4e898c54ee5 | K15: 46364 | M15: F | S15: Major | Y15: 102 | AB15: =C15&"_"&TEXT(D15,"0#") -> 1952_04
A16: Auf Wiederseh‚Äôn Sweetheart | B16: Vera Lynn | C16: 1952 | D16: 5 | E16: Pop | F16: N/A | G16: Traditional pop | H16: N/A | I16: N/A | J16: https://open.spotify.com/track/3MXrq618qP3RGWs6F49U1Q?si=6b54e73f40b14e59 | K16: 46116 | M16: Ab | S16: Major | Y16: 108 | AB16: =C16&"_"&TEXT(D16,"0#") -> 1952_05
A17: The Song from Moulin Rouge | B17: Percy Faith | C17: 1953 | D17: 1 | E17: Pop | F17: N/A | G17: Traditional pop | H17: Easy listening | I17: N/A | J17: https://open.spotify.com/track/7GtpZ01gEJDxrXfH2ayvuc?si=129bfeb7a2d44eb7 | K17: 46085 | M17: G | N17: C | O17: E | P17: A | S17: Major | T17: Major | U17: Major | V17: Major | Y17: 72 | AB17: =C17&"_"&TEXT(D17,"0#") -> 1953_01
A18: Vaya con Dios | B18: Les Paul & Mary Ford | C18: 1953 | D18: 2 | E18: Pop | F18: N/A | G18: Traditional pop | H18: N/A | I18: N/A | J18: https://open.spotify.com/track/3qhxI5f7klTVfK0iWYmKdM?si=9a0fb72b0ba6455f | K18: 46273 | M18: E | S18: Major | Y18: 97 | AB18: =C18&"_"&TEXT(D18,"0#") -> 1953_02
A19: (How Much Is) That Doggie in the Window | B19: Patti Page | C19: 1953 | D19: 3 | E19: Pop | F19: N/A | G19: Traditional pop | H19: N/A | I19: N/A | J19: https://open.spotify.com/track/7bs4wDnaX0z7BTeM6lTcYA?si=86fdd28b03b34d1d | K19: 46085 | M19: G | N19: Ab | O19: A | S19: Major | T19: Major | U19: Major | Y19: 126 | AB19: =C19&"_"&TEXT(D19,"0#") -> 1953_03
A20: I'm Walking Behind You | B20: Eddie Fisher | C20: 1953 | D20: 4 | E20: Pop | F20: N/A | G20: Traditional pop | H20: N/A | I20: N/A | J20: https://open.spotify.com/track/2FqOLG4ViICqhx35v8xoBx?si=2f6b67fc2dc14577 | K20: 46116 | M20: D | S20: Major | Y20: 83 | AB20: =C20&"_"&TEXT(D20,"0#") -> 1953_04
A21: You, You, You | B21: Ames Brothers | C21: 1953 | D21: 5 | E21: Pop | F21: N/A | G21: Traditional pop | H21: Easy listening | I21: N/A | J21: https://open.spotify.com/track/7fvf369TehoRNdWWUfPSqQ?si=19821cc9669b461f | K21: 46364 | M21: E | S21: Major | Y21: 98 | AB21: =C21&"_"&TEXT(D21,"0#") -> 1953_05
A22: Little Things Mean a Lot | B22: Kitty Kallen | C22: 1954 | D22: 1 | E22: Pop | F22: N/A | G22: Traditional pop | H22: N/A | I22: N/A | J22: https://open.spotify.com/track/6rJZdaRiIysWoWoNoxCjZo?si=b8408d5023334ad3 | K22: 46364 | M22: Ab | S22: Major | Y22: 84 | AB22: =C22&"_"&TEXT(D22,"0#") -> 1954_01
A23: Wanted | B23: Perry Como | C23: 1954 | D23: 2 | E23: Pop | F23: N/A | G23: N/A | H23: N/A | I23: N/A | J23: https://open.spotify.com/track/77i95B3GcC2aOqK70RHM0m?si=0b98923e55074997 | K23: 46364 | M23: Db | S23: Minor | Y23: 75 | AB23: =C23&"_"&TEXT(D23,"0#") -> 1954_02
A24: Hey There | B24: Rosemary Clooney | C24: 1954 | D24: 3 | E24: Pop | F24: N/A | G24: Traditional pop | H24: N/A | I24: N/A | J24: https://open.spotify.com/track/0hNwfLcROljm0Wk9zWIQ6z?si=db1ba0af3a204281 | K24: 46116 | M24: G | S24: Minor | Y24: 88 | AB24: =C24&"_"&TEXT(D24,"0#") -> 1954_03
A25: Sh-Boom | B25: The Crew-Cuts | C25: 1954 | D25: 4 | E25: R&B | F25: Pop | G25: Doo-wop | H25: Traditional pop | I25: N/A | J25: https://open.spotify.com/track/7G2jAmiYUDZKyk7npVrgX8?si=3976dd4a758b4b45 | K25: 46364 | M25: F | S25: Major | Y25: 130 | AB25: =C25&"_"&TEXT(D25,"0#") -> 1954_04
A26: Make Love to Me | B26: Jo Stafford | C26: 1954 | D26: 5 | E26: Pop | F26: N/A | G26: N/A | H26: N/A | I26: N/A | J26: https://www.youtube.com/watch?v=JG5Brc9KrS8 | K26: 46364 | M26: A | S26: Major | Y26: 108 | AB26: =C26&"_"&TEXT(D26,"0#") -> 1954_05
A27: Cherry Pink and Apple Blossom White | B27: Perez Prado | C27: 1955 | D27: 1 | E27: Latin | F27: N/A | G27: N/A | H27: N/A | I27: N/A | J27: https://open.spotify.com/track/5HisVcYPaIB4uHdrnW6HCt?si=ec6a72e747534fb9 | K27: 46116 | M27: Eb | S27: Major | Y27: 118 | AB27: =C27&"_"&TEXT(D27,"0#") -> 1955_01
A28: Rock Around the Clock | B28: Bill Haley & His Comets | C28: 1955 | D28: 2 | E28: Rock | F28: N/A | G28: Rockabilly | H28: N/A | I28: N/A | J28: https://open.spotify.com/track/7hLOIb9E7VKmsVelNq6YZK?si=ad896ef8e3c14fa1 | K28: 46116 | M28: A | S28: Major | Y28: 182 | AB28: =C28&"_"&TEXT(D28,"0#") -> 1955_02
A29: The Yellow Rose of Texas | B29: Mitch Miller | C29: 1955 | D29: 3 | E29: Folk | F29: N/A | G29: N/A | H29: N/A | I29: N/A | J29: https://open.spotify.com/track/7985fUI9WlsIIrQuO9TBDh?si=292e16947965486c | K29: 46116 | M29: Ab | N29: A | O29: Bb | S29: Major | T29: Major | U29: Major | Y29: 100 | AB29: =C29&"_"&TEXT(D29,"0#") -> 1955_03
A30: Autumn Leaves | B30: Roger Williams | C30: 1955 | D30: 4 | E30: Jazz | F30: N/A | G30: N/A | H30: N/A | I30: N/A | J30: https://open.spotify.com/track/3hg2zWOJ0MCgvBCD8fzMgt?si=87f37a74bf06472c | K30: 46116 | M30: D | S30: Minor | Y30: 112 | AB30: =C30&"_"&TEXT(D30,"0#") -> 1955_04
A31: Unchained Melody | B31: Les Baxter | C31: 1955 | D31: 5 | E31: Pop | F31: N/A | G31: Easy listening | H31: N/A | I31: N/A | J31: https://open.spotify.com/track/4dnbvB2Y3cZncApCwowEQx?si=e0bb4996368645dc | K31: 46116 | M31: G | S31: Major | Y31: 93 | Z31: 70 | AB31: =C31&"_"&TEXT(D31,"0#") -> 1955_05
A32: Heartbreak Hotel | B32: Elvis Presley | C32: 1956 | D32: 1 | E32: Rock | F32: R&B | G32: Rockabilly | H32: N/A | I32: N/A | J32: https://open.spotify.com/track/6xNwKNYZcvgV3XTIwsgNio?si=064429528c474207 | K32: 46364 | M32: E | S32: Minor | Y32: 94 | AB32: =C32&"_"&TEXT(D32,"0#") -> 1956_01
A33: Don't Be Cruel | B33: Elvis Presley | C33: 1956 | D33: 2 | E33: Rock | F33: N/A | G33: Rockabilly | H33: N/A | I33: N/A | J33: https://open.spotify.com/track/01u6AEzGbGbQyYVdxajxqk?si=c4f1fe5c7e0e4487 | K33: 46364 | M33: D | S33: Major | Y33: 85 | AB33: =C33&"_"&TEXT(D33,"0#") -> 1956_02
A34: Lisbon Antigua | B34: Nelson Riddle | C34: 1956 | D34: 3 | E34: Pop | F34: N/A | G34: Easy listening | H34: N/A | I34: N/A | J34: https://open.spotify.com/track/07tMKurz0WxXRP7ktP2r8C?si=cc7e3a47ab7c405b | K34: 46116 | M34: C | N34: F | O34: C# | S34: Major | T34: Major | U34: Major | Y34: 80 | AB34: =C34&"_"&TEXT(D34,"0#") -> 1956_03
A35: My Prayer | B35: The Platters | C35: 1956 | D35: 4 | E35: R&B | F35: Pop | G35: Doo-wop | H35: Traditional pop | I35: N/A | J35: https://open.spotify.com/track/1ntGJDSakqsaw1KhptKrB5?si=148cdbd8a3e34558 | K35: 46181 | M35: Bb | S35: Major | Y35: 109 | AB35: =C35&"_"&TEXT(D35,"0#") -> 1956_04
A36: The Wayward Wind | B36: Gogi Grant | C36: 1956 | D36: 5 | E36: Pop | F36: N/A | G36: Easy listening | H36: N/A | I36: N/A | J36: https://open.spotify.com/track/2VqsUEpRPvgiiBdsBuQrJz?si=cf841c4169f24725 | K36: 46116 | M36: Bb | N36: B | S36: Major | T36: Major | Y36: 138 | AB36: =C36&"_"&TEXT(D36,"0#") -> 1956_05
A37: All Shook Up | B37: Elvis Presley | C37: 1957 | D37: 1 | E37: Rock | F37: R&B | G37: N/A | H37: N/A | I37: N/A | J37: https://open.spotify.com/track/5ueyLj6e6oVaTY0KQ6yLaA?si=adde916f9aa04a03 | K37: 46364 | M37: Bb | S37: Major | Y37: 74 | AB37: =C37&"_"&TEXT(D37,"0#") -> 1957_01
A38: Love Letters in the Sand | B38: Pat Boone | C38: 1957 | D38: 2 | E38: Pop | F38: N/A | G38: Traditional pop | H38: N/A | I38: N/A | J38: https://open.spotify.com/track/1eqGYJJr2z2GXK1i0hD3BC?si=821e3dd1c8ca4c4c | K38: 46364 | M38: Eb | S38: Major | Y38: 89 | AB38: =C38&"_"&TEXT(D38,"0#") -> 1957_02
A39: Little Darlin | B39: The Diamonds | C39: 1957 | D39: 3 | E39: R&B | F39: Rock | G39: Doo-wop | H39: N/A | I39: N/A | J39: https://open.spotify.com/track/7ycFNferNuk6wAjBa0vWvl?si=53236816fbc34823 | K39: 46116 | M39: F# | S39: Major | Y39: 153 | AB39: =C39&"_"&TEXT(D39,"0#") -> 1957_03
A40: Young Love | B40: Tab Hunter | C40: 1957 | D40: 4 | E40: Pop | F40: N/A | G40: N/A | H40: N/A | I40: N/A | J40: https://www.youtube.com/watch?v=vm3p1dCSA5Y | K40: 46364 | M40: C | S40: Major | Y40: 102 | AB40: =C40&"_"&TEXT(D40,"0#") -> 1957_04
A41: So Rare | B41: Jimmy Dorsey | C41: 1957 | D41: 5 | E41: Jazz | F41: N/A | G41: Big band | H41: N/A | I41: N/A | J41: https://open.spotify.com/track/1gA4f2lkenxCcWLPjKRV0N?si=fdc8bab22c0742b7 | K41: 46116 | M41: G | S41: Major | Y41: 87 | AB41: =C41&"_"&TEXT(D41,"0#") -> 1957_05
A42: Volare (Nel blu dipinto di blu) | B42: Domenico Modugno | C42: 1958 | D42: 1 | E42: Pop | F42: N/A | G42: Chanson | H42: N/A | I42: N/A | J42: https://open.spotify.com/track/006Ndmw2hHxvnLbJsBFnPx?si=6ff2887953624afa | K42: 46116 | M42: Bb | S42: Major | Y42: 112 | Z42: 80 | AA42: 128 | AB42: =C42&"_"&TEXT(D42,"0#") -> 1958_01
A43: All I Have to Do Is Dream | B43: The Everly Brothers | C43: 1958 | D43: 2a | E43: Rock | F43: Pop | G43: Jangle pop | H43: N/A | I43: N/A | J43: https://open.spotify.com/track/0Q1tq0hFra4W9k6kx1MSjG?si=ba15e906760540d8 | K43: 46116 | M43: E | S43: Major | Y43: 96 | AB43: =C43&"_"&TEXT(D43,"0#") -> 1958_2a
A44: Claudette | B44: The Everly Brothers | C44: 1958 | D44: 2b | E44: Rock | F44: N/A | G44: Rockabilly | H44: N/A | I44: N/A | J44: https://open.spotify.com/track/74IwXEGW2zEcvliuvj9Nry?si=616a4b7df6c44654 | K44: 46116 | M44: E | S44: Major | Y44: 156 | AB44: =C44&"_"&TEXT(D44,"0#") -> 1958_2b
A45: Don't | B45: Elvis Presley | C45: 1958 | D45: 3a | E45: Pop | F45: N/A | G45: N/A | H45: N/A | I45: N/A | J45: https://open.spotify.com/track/4fgMsJGLDqy4HsJFRgaVNG?si=4af4d0de84684543 | K45: 46116 | M45: D | S45: Major | Y45: 67 | AB45: =C45&"_"&TEXT(D45,"0#") -> 1958_3a
A46: I Beg of You | B46: Elvis Presley | C46: 1958 | D46: 3b | E46: R&B | F46: Rock | G46: Doo-wop | H46: N/A | I46: N/A | J46: https://open.spotify.com/track/7nAQlvws6GX1osYmndhvTa?si=08eeae894c774828 | K46: 46116 | M46: C | S46: Major | Y46: 164 | AB46: =C46&"_"&TEXT(D46,"0#") -> 1958_3b
A47: Witch Doctor | B47: David Seville | C47: 1958 | D47: 4 | E47: Rock | F47: N/A | G47: Rockabilly | H47: N/A | I47: N/A | J47: https://open.spotify.com/track/4kovpzSYYoguJxUXQesQ13?si=e63145fb4e104ea5 | K47: 46116 | M47: Bb | N47: B | O47: C | S47: Major | T47: Major | U47: Major | Y47: 139 | AB47: =C47&"_"&TEXT(D47,"0#") -> 1958_04
A48: Patricia | B48: Perez Prado | C48: 1958 | D48: 5 | E48: Latin | F48: Jazz | G48: N/A | H48: N/A | I48: N/A | J48: https://open.spotify.com/track/2bwhOdCOLgQ8v6xStAqnju?si=13aacb560b8b4df3 | K48: 46364 | M48: Db | S48: Major | Y48: 137 | AB48: =C48&"_"&TEXT(D48,"0#") -> 1958_05
A49: The Battle of New Orleans | B49: Johnny Horton | C49: 1959 | D49: 1 | E49: Country | F49: N/A | G49: N/A | H49: N/A | I49: N/A | J49: https://open.spotify.com/track/66eFGhs8LXeBgrXk0YgRJK?si=25bd09cf91784243 | K49: 46364 | M49: A | S49: Major | Y49: 89 | AB49: =C49&"_"&TEXT(D49,"0#") -> 1959_01
A50: Mack the Knife | B50: Bobby Darin | C50: 1959 | D50: 2 | E50: Pop | F50: Jazz | G50: N/A | H50: N/A | I50: N/A | J50: https://open.spotify.com/track/3E5ndyOfO6vFDEIE42HA8o?si=ebcb91b2db754863 | K50: 46116 | M50: Bb | N50: E | O50: C | P50: Db | Q50: D | R50: Eb | S50: Major | T50: Major | U50: Major | V50: Major | W50: Major | X50: Major | Y50: 85 | AB50: =C50&"_"&TEXT(D50,"0#") -> 1959_02
A51: Personality | B51: Lloyd Price | C51: 1959 | D51: 3 | E51: R&B | F51: Rock | G51: N/A | H51: N/A | I51: N/A | J51: https://open.spotify.com/track/5vjigjfoXuJEttqLB3HTAg?si=ca705716293a4988 | K51: 46364 | M51: F | S51: Major | Y51: 129 | AB51: =C51&"_"&TEXT(D51,"0#") -> 1959_03
A52: Venus | B52: Frankie Avalon | C52: 1959 | D52: 4 | E52: Pop | F52: N/A | G52: N/A | H52: N/A | I52: N/A | J52: https://open.spotify.com/track/5kqXQHIgQ6UfFP9LfqPNgG?si=2c55356c71f940b1 | K52: 46116 | M52: Bb | S52: Major | Y52: 115 | AB52: =C52&"_"&TEXT(D52,"0#") -> 1959_04
A53: Lonely Boy | B53: Paul Anka | C53: 1959 | D53: 5 | E53: Pop | F53: N/A | G53: N/A | H53: N/A | I53: N/A | J53: https://open.spotify.com/track/4kh2S9hRpPvoF9JkwZcYGN?si=aa8feb2767184943 | K53: 46181 | M53: C | S53: Major | Y53: 106 | AB53: =C53&"_"&TEXT(D53,"0#") -> 1959_05
A54: The Theme from "A Summer Place" | B54: Percy Faith | C54: 1960 | D54: 1 | E54: Pop | F54: N/A | G54: Easy listening | H54: N/A | I54: N/A | J54: https://open.spotify.com/track/6zwvB879PJSpTyFcg2wwnL?si=d84c938ad8294aad | K54: 46181 | M54: F | N54: A | S54: Major | T54: Major | Y54: 93 | AB54: =C54&"_"&TEXT(D54,"0#") -> 1960_01
A55: He'll Have to Go | B55: Jim Reeves | C55: 1960 | D55: 2 | E55: Country | F55: N/A | G55: Nashville Sound | H55: N/A | I55: N/A | J55: https://open.spotify.com/track/0HAfPU3oUhlY8VpdVAgIlt?si=6399452bd89146f9 | K55: 46273 | M55: Db | S55: Major | Y55: 81 | AB55: =C55&"_"&TEXT(D55,"0#") -> 1960_02
A56: Cathy's Clown | B56: The Everly Brothers | C56: 1960 | D56: 3 | E56: Pop | F56: N/A | G56: N/A | H56: N/A | I56: N/A | J56: https://open.spotify.com/track/6wKXuvOQxG5Ui1Kv2F68E9?si=004808aeb1c44d5c | K56: 46116 | M56: G | S56: Major | Y56: 120 | AB56: =C56&"_"&TEXT(D56,"0#") -> 1960_03
A57: Running Bear | B57: Johnny Preston | C57: 1960 | D57: 4 | E57: Rock | F57: N/A | G57: Rockabilly | H57: N/A | I57: N/A | J57: https://open.spotify.com/track/1RYznli2VNO7FCbW1Hq4KM?si=6d7be1426aa04c42 | K57: 46116 | L57: 46364 | M57: F | S57: Minor | Y57: 120 | AB57: =C57&"_"&TEXT(D57,"0#") -> 1960_04
A58: Teen Angel | B58: Mark Dinning | C58: 1960 | D58: 5 | E58: Pop | F58: N/A | G58: N/A | H58: N/A | I58: N/A | J58: https://open.spotify.com/track/36NPEs4S7ik50NrlzaqoIJ?si=aa97cf9f2a0c4293 | K58: 46116 | M58: C | S58: Major | Y58: 82 | Z58: 102 | AB58: =C58&"_"&TEXT(D58,"0#") -> 1960_05
A59: Tossin' and Turnin' | B59: Bobby Lewis | C59: 1961 | D59: 1 | E59: Rock | F59: N/A | G59: N/A | H59: N/A | I59: N/A | J59: https://open.spotify.com/track/79s3pSe1u6ggQBEwVPm58Z?si=56235a96937d4367 | K59: 46116 | M59: C | S59: Major | Y59: 142 | AB59: =C59&"_"&TEXT(D59,"0#") -> 1961_01
A60: I Fall to Pieces | B60: Patsy Cline and The Jordanaires | C60: 1961 | D60: 2 | E60: Country | F60: N/A | G60: Nashville Sound | H60: N/A | I60: N/A | J60: https://open.spotify.com/track/2n435LnigjJJRGz7jb4aLv?si=8024c6952cc34512 | K60: 46116 | M60: Bb | S60: Major | Y60: 112 | AB60: =C60&"_"&TEXT(D60,"0#") -> 1961_02
A61: Michael (Row the Boat Ashore) | B61: The Highwaymen | C61: 1961 | D61: 3 | E61: Folk | F61: N/A | G61: N/A | H61: N/A | I61: N/A | J61: https://open.spotify.com/track/25TcXSVruQ3Oox1RyqRCFf?si=e65b0e5d4eb54d33 | K61: 46364 | M61: C | S61: Major | Y61: 107 | AB61: =C61&"_"&TEXT(D61,"0#") -> 1961_03
A62: Crying | B62: Roy Orbison | C62: 1961 | D62: 4 | E62: Country | F62: N/A | G62: N/A | H62: N/A | I62: N/A | J62: https://open.spotify.com/track/6eLL7QTdMWdhhG4i3jHDR9?si=61bbd538121a4ede | K62: 46116 | M62: D | S62: Major | Y62: 97 | AB62: =C62&"_"&TEXT(D62,"0#") -> 1961_04
A63: Runaway | B63: Del Shannon | C63: 1961 | D63: 5 | E63: Rock | F63: N/A | G63: N/A | H63: N/A | I63: N/A | J63: https://open.spotify.com/track/45Szkclj1lt4ubm7RFK68t?si=4b1e6f4b9d6843af | K63: 46116 | M63: Bb | N63: Bb | S63: Minor | T63: Major | Y63: 158 | AB63: =C63&"_"&TEXT(D63,"0#") -> 1961_05
A64: Stranger on the Shore | B64: Acker Bilk | C64: 1962 | D64: 1 | E64: Jazz | F64: N/A | G64: N/A | H64: N/A | I64: N/A | J64: https://open.spotify.com/track/6sZ8qBd2dO4QQq6B6FqVPn?si=7be012a1b7094fc9 | K64: 46116 | M64: Eb | S64: Major | Y64: 71 | AB64: =C64&"_"&TEXT(D64,"0#") -> 1962_01
A65: I Can't Stop Loving You | B65: Ray Charles | C65: 1962 | D65: 2 | E65: Funk/Soul | F65: Country | G65: N/A | H65: N/A | I65: N/A | J65: https://open.spotify.com/track/79nJj5dMyTsUzKvN5jUXsJ?si=ccf332721c814f95 | K65: 46116 | M65: F | S65: Major | Y65: 79 | AB65: =C65&"_"&TEXT(D65,"0#") -> 1962_02
A66: Mashed Potato Time | B66: Dee Dee Sharp | C66: 1962 | D66: 3 | E66: Funk/Soul | F66: Pop | G66: N/A | H66: N/A | I66: N/A | J66: https://open.spotify.com/track/6jouZcdraQvsbh7SWkLEui?si=223ec2d68b264751 | K66: 46116 | M66: D | S66: Major | Y66: 125 | AB66: =C66&"_"&TEXT(D66,"0#") -> 1962_03
A67: Roses Are Red (My Love) | B67: Bobby Vinton | C67: 1962 | D67: 4 | E67: Pop | F67: N/A | G67: N/A | H67: N/A | I67: N/A | J67: https://open.spotify.com/track/5zw4SajQ2IKvjnSWXOSDrh?si=b38de422dc97407c | K67: 46116 | M67: F | S67: Major | Y67: 104 | AB67: =C67&"_"&TEXT(D67,"0#") -> 1962_04
A68: The Stripper | B68: David Rose | C68: 1962 | D68: 5 | E68: Jazz | F68: N/A | G68: N/A | H68: N/A | I68: N/A | J68: https://open.spotify.com/track/00vH2PsEQTGRyJYhyIyDbr?si=806322b0c4cc45cd | K68: 46364 | M68: C | S68: Major | Y68: 94 | AB68: =C68&"_"&TEXT(D68,"0#") -> 1962_05
A69: Surfin' USA | B69: The Beach Boys | C69: 1963 | D69: 1 | E69: Rock | F69: N/A | G69: Surf music | H69: N/A | I69: N/A | J69: https://open.spotify.com/track/0wz1LjDb9ZNEYwOmDJ3Q4b?si=e34cc7d2630d4edf | K69: 46116 | M69: Eb | S69: Major | Y69: 159 | AB69: =C69&"_"&TEXT(D69,"0#") -> 1963_01
A70: The End of the World | B70: Skeeter Davis | C70: 1963 | D70: 2 | E70: Pop | F70: Country | G70: N/A | H70: N/A | I70: N/A | J70: https://open.spotify.com/track/5DTOOkooKFUvWj1XQTFa09?si=e250c7655755407e | K70: 46364 | M70: Bb | N70: Cb | S70: Major | T70: Major | Y70: 94 | AB70: =C70&"_"&TEXT(D70,"0#") -> 1963_02
A71: Rhythm of the Rain | B71: The Cascades | C71: 1963 | D71: 3 | E71: Pop | F71: N/A | G71: N/A | H71: N/A | I71: N/A | J71: https://open.spotify.com/track/7GHf8dQ2wA71wYOuRsQCZP?si=9919ec20d030417d | K71: 46116 | M71: E | S71: Major | Y71: 117 | AB71: =C71&"_"&TEXT(D71,"0#") -> 1963_03
A72: He's So Fine | B72: The Chiffons | C72: 1963 | D72: 4 | E72: Pop | F72: N/A | G72: N/A | H72: N/A | I72: N/A | J72: https://open.spotify.com/track/2Bs1Lw9LX8hBm70t1iGdlh?si=e56fd7f314134648 | K72: 46116 | M72: G | S72: Major | Y72: 144 | AB72: =C72&"_"&TEXT(D72,"0#") -> 1963_04
A73: Blue Velvet | B73: Bobby Vinton | C73: 1963 | D73: 5 | E73: Pop | F73: N/A | G73: Traditional pop | H73: N/A | I73: N/A | J73: https://open.spotify.com/track/4QelFzhVgLomeQhvKrwM1S?si=a9b7046df3b94138 | K73: 46364 | M73: Bb | N73: B | S73: Major | T73: Major | Y73: 80 | AB73: =C73&"_"&TEXT(D73,"0#") -> 1963_05
A74: I Want to Hold Your Hand | B74: The Beatles | C74: 1964 | D74: 1 | E74: Rock | F74: Pop | G74: Pop rock | H74: N/A | I74: N/A | J74: https://open.spotify.com/track/4pbG9SUmWIvsROVLF0zF9s?si=0346a360c7444c3e | K74: 46116 | M74: G | S74: Major | Y74: 131 | AB74: =C74&"_"&TEXT(D74,"0#") -> 1964_01
A75: She Loves You | B75: The Beatles | C75: 1964 | D75: 2 | E75: Rock | F75: Pop | G75: Pop rock | H75: N/A | I75: N/A | J75: https://open.spotify.com/track/6nEkxYIEnrbYH7h1hJ8Xn6?si=fc100942a1cf4244 | K75: 46116 | M75: G | S75: Major | Y75: 76 | AB75: =C75&"_"&TEXT(D75,"0#") -> 1964_02
A76: Hello, Dolly! | B76: Louis Armstrong | C76: 1964 | D76: 3 | E76: Jazz | F76: N/A | G76: N/A | H76: N/A | I76: N/A | J76: https://open.spotify.com/track/63kd4m3VFxcJjPVVtbVNAu?si=b78b8791c8dd4941 | K76: 46116 | M76: C | S76: Major | Y76: 156 | AB76: =C76&"_"&TEXT(D76,"0#") -> 1964_03
A77: Oh, Pretty Woman | B77: Roy Orbison | C77: 1964 | D77: 4 | E77: Rock | F77: Pop | G77: Pop rock | H77: N/A | I77: N/A | J77: https://open.spotify.com/track/48i055G1OT5KxGGftwFxWy?si=8788f3ef49654b8e | K77: 46116 | M77: A | N77: C | S77: Major | T77: Major | Y77: 127 | AB77: =C77&"_"&TEXT(D77,"0#") -> 1964_04
A78: I Get Around | B78: The Beach Boys | C78: 1964 | D78: 5 | E78: Rock | F78: N/A | G78: Surf music | H78: N/A | I78: N/A | J78: https://open.spotify.com/track/3v9xlH6BpmRbqL7hgNJhfT?si=48eb5e394f514392 | K78: 46116 | M78: G | N78: Ab | S78: Major | T78: Major | Y78: 144 | AB78: =C78&"_"&TEXT(D78,"0#") -> 1964_05
A79: Wooly Bully | B79: Sam the Sham and the Pharaohs | C79: 1965 | D79: 1 | E79: Rock | F79: N/A | G79: Garage rock | H79: N/A | I79: N/A | J79: https://open.spotify.com/track/0SRkuudTEWe2HOloI1Nssq?si=64b74b10426045bb | K79: 46116 | M79: C | S79: Major | Y79: 141 | AB79: =C79&"_"&TEXT(D79,"0#") -> 1965_01
A80: I Can't Help Myself (Sugar Pie Honey Bunch) | B80: Four Tops | C80: 1965 | D80: 2 | E80: Funk/Soul | F80: N/A | G80: N/A | H80: N/A | I80: N/A | J80: https://open.spotify.com/track/6b6IMqP565TbtFFZg9iFf3?si=8914da1080674f98 | K80: 46116 | M80: C | S80: Major | Y80: 128 | AB80: =C80&"_"&TEXT(D80,"0#") -> 1965_02
A81: (I Can't Get No) Satisfaction | B81: The Rolling Stones | C81: 1965 | D81: 3 | E81: Rock | F81: N/A | G81: N/A | H81: N/A | I81: N/A | J81: https://open.spotify.com/track/2PzU4IB8Dr6mxV3lHuaG34?si=bf37e926fb9e4c45 | K81: 46116 | M81: E | S81: Major | Y81: 136 | AB81: =C81&"_"&TEXT(D81,"0#") -> 1965_03
A82: You Were On My Mind | B82: We Five | C82: 1965 | D82: 4 | E82: Rock | F82: Rock | G82: Folk rock | H82: N/A | I82: N/A | J82: https://open.spotify.com/track/36ckFm0oicmvX8bWEErIHd?si=d9138e7451f24d35 | K82: 46116 | M82: E | N82: C# | S82: Major | T82: Major | Y82: 143 | AB82: =C82&"_"&TEXT(D82,"0#") -> 1965_04
A83: You've Lost That Lovin' Feelin' | B83: The Righteous Brothers | C83: 1965 | D83: 5 | E83: Funk/Soul | F83: Pop | G83: N/A | H83: N/A | I83: N/A | J83: https://open.spotify.com/track/6AeyHqzNHJthYJbn0tvJ4b?si=6377a81e3cdd4acf | K83: 46116 | M83: Db | S83: Major | Y83: 95 | AB83: =C83&"_"&TEXT(D83,"0#") -> 1965_05
A84: California Dreamin' | B84: The Mamas & The Papas | C84: 1966 | D84: 1 | E84: Rock | F84: Pop | G84: Sunshine pop | H84: Pyschedelic pop | I84: Pop rock | J84: https://open.spotify.com/track/4s6LhHAV5SEsOV0lC2tjvJ?si=1ff8e994c6154847 | K84: 46116 | M84: C# | S84: Minor | Y84: 112 | AB84: =C84&"_"&TEXT(D84,"0#") -> 1966_01
A85: 96 Tears | B85: ? and the Mysterians | C85: 1966 | D85: 2 | E85: Rock | F85: Pop | G85: Garage rock | H85: Pop rock | I85: N/A | J85: https://open.spotify.com/track/4PEeZ2U4UfP2Jo8EtIOjus?si=60b921acbd564404 | K85: 46116 | M85: G | S85: Major | Y85: 124 | AB85: =C85&"_"&TEXT(D85,"0#") -> 1966_02
A86: What Becomes Of The Brokenhearted | B86: Jimmy Ruffin | C86: 1966 | D86: 3 | E86: Funk/Soul | F86: N/A | G86: N/A | H86: N/A | I86: N/A | J86: https://open.spotify.com/track/0wBaPbJ2qsbGqgnGbqBDgP?si=ce3ed5c775514782 | K86: 46116 | M86: Bb | N86: C | S86: Major | T86: Major | Y86: 97 | AB86: =C86&"_"&TEXT(D86,"0#") -> 1966_03
A87: Last Train to Clarksville | B87: The Monkees | C87: 1966 | D87: 4 | E87: Rock | F87: Pop | G87: Jangle pop | H87: N/A | I87: N/A | J87: https://open.spotify.com/track/3h4t9qpFktohHeUQc3hZCa?si=02db982d0b2a4e39 | K87: 46116 | M87: C | S87: Major | Y87: 99 | AB87: =C87&"_"&TEXT(D87,"0#") -> 1966_04
A88: Reach Out I'll Be There | B88: Four Tops | C88: 1966 | D88: 5 | E88: Funk/Soul | F88: N/A | G88: N/A | H88: N/A | I88: N/A | J88: https://open.spotify.com/track/2VwRmAIjgmwNPDh4eMK1EH?si=77dac3944da74dda | K88: 46116 | M88: Gb | N88: Eb | S88: Major | T88: Minor | Y88: 120 | AB88: =C88&"_"&TEXT(D88,"0#") -> 1966_05
A89: To Sir With Love | B89: Lulu | C89: 1967 | D89: 1 | E89: Pop | F89: N/A | G89: N/A | H89: N/A | I89: N/A | J89: https://open.spotify.com/track/0gBFr7N2D1GfhkXIIepIGG?si=ff0ff572863443d5 | K89: 46116 | M89: E | S89: Major | Y89: 97 | AB89: =C89&"_"&TEXT(D89,"0#") -> 1967_01
A90: The Letter | B90: The Box Tops | C90: 1967 | D90: 2 | E90: Rock | F90: N/A | G90: Pop rock | H90: N/A | I90: N/A | J90: https://open.spotify.com/track/1wCn7slsVCtdVYRnXahIv5?si=d39e4dfc86f14fa3 | K90: 46116 | M90: A | S90: Minor | Y90: 139 | AB90: =C90&"_"&TEXT(D90,"0#") -> 1967_02
A91: Ode to Billie Joe | B91: Bobbie Gentry | C91: 1967 | D91: 3 | E91: Country | F91: Funk/Soul | G91: Gothic country | H91: N/A | I91: N/A | J91: https://open.spotify.com/track/4FdDorlbJTVHcH3djLbIfn?si=b0686889c80d4082 | K91: 46116 | M91: D | S91: Major | Y91: 120 | AB91: =C91&"_"&TEXT(D91,"0#") -> 1967_03
A92: Windy | B92: The Association | C92: 1967 | D92: 4 | E92: Rock | F92: Pop | G92: Sunshine pop | H92: Pyschedelic pop | I92: Pop rock | J92: https://open.spotify.com/track/6RUpOheT93fUdI508K5w6U?si=20c5a28625c9408d | K92: 46116 | M92: F | S92: Major | Y92: 133 | AB92: =C92&"_"&TEXT(D92,"0#") -> 1967_04
A93: I'm a Believer | B93: The Monkees | C93: 1967 | D93: 5 | E93: Rock | F93: Pop | G93: Pop rock | H93: N/A | I93: N/A | J93: https://open.spotify.com/track/3G7tRC24Uh09Hmp1KZ7LQ2?si=13036b88388d47cb | K93: 46116 | M93: C | S93: Major | Y93: 160 | AB93: =C93&"_"&TEXT(D93,"0#") -> 1967_05
A94: Hey Jude | B94: The Beatles | C94: 1968 | D94: 1 | E94: Rock | F94: Pop | G94: Pop rock | H94: N/A | I94: N/A | J94: https://open.spotify.com/track/0aym2LBJBk9DAYuHHutrIl?si=ab4f6241aee5491f | K94: 46116 | M94: Bb | S94: Major | Y94: 74 | AB94: =C94&"_"&TEXT(D94,"0#") -> 1968_01
A95: Love is Blue | B95: Paul Mauriat | C95: 1968 | D95: 2 | E95: Pop | F95: N/A | G95: Easy listening | H95: N/A | I95: N/A | J95: https://open.spotify.com/track/0tS7Mli5NtOcpeCqC25GWd?si=9351fe32958f4dbc | K95: 46116 | M95: A | N95: A | S95: Minor | T95: Major | Y95: 104 | AB95: =C95&"_"&TEXT(D95,"0#") -> 1968_02
A96: Honey | B96: Bobby Goldsboro | C96: 1968 | D96: 3 | E96: Country | F96: N/A | G96: N/A | H96: N/A | I96: N/A | J96: https://open.spotify.com/track/2Qhvi6R73Zj3cpzRYzcAww?si=2e3463d2c16d4429 | K96: 46116 | M96: C | N96: D | S96: Major | T96: Major | Y96: 93 | AB96: =C96&"_"&TEXT(D96,"0#") -> 1968_03
A97: (Sittin' On) The Dock of the Bay | B97: Otis Redding | C97: 1968 | D97: 4 | E97: Folk | F97: Funk/Soul | G97: N/A | H97: N/A | I97: N/A | J97: https://open.spotify.com/track/3zBhihYUHBmGd2bcQIobrF?si=8e60796c8a9c426e | K97: 46116 | M97: G | S97: Major | Y97: 104 | AB97: =C97&"_"&TEXT(D97,"0#") -> 1968_04
A98: People Got to Be Free | B98: The Rascals | C98: 1968 | D98: 5 | E98: Funk/Soul | F98: N/A | G98: N/A | H98: N/A | I98: N/A | J98: https://open.spotify.com/track/49oQUbmhXqjGb850ERxtfb?si=94d09e8ecaef4065 | K98: 46116 | M98: F | S98: Major | Y98: 126 | AB98: =C98&"_"&TEXT(D98,"0#") -> 1968_05
A99: Sugar, Sugar | B99: The Archies | C99: 1969 | D99: 1 | E99: Pop | F99: N/A | G99: Bubblegum pop | H99: N/A | I99: N/A | J99: https://open.spotify.com/track/6MTd61g9zq6CB1FnJydjEb?si=2513d9f713654257 | K99: 46116 | M99: D | S99: Major | Y99: 122 | AB99: =C99&"_"&TEXT(D99,"0#") -> 1969_01
A100: Aquarius/Let the Sunshine In (The Flesh Failures) | B100: The 5th Dimension | C100: 1969 | D100: 2 | E100: Funk/Soul | F100: N/A | G100: Pyschedelic soul | H100: N/A | I100: N/A | J100: https://open.spotify.com/track/0HZlND4giwzgolBpaNIRGV?si=2b5438e6517e4a3f | K100: 46116 | M100: Bb | N100: Ab | O100: B | P100: D | S100: Major | T100: Major | U100: Major | V100: Major | Y100: 90 | Z100: 184 | AA100: 117 | AB100: =C100&"_"&TEXT(D100,"0#") -> 1969_02
...
